Name,Team,Price,L01,L02,L03,L04,L05,LastScore,SeasonAvg,Last3Avg,Last5Avg
Aaron Cadman,GWS,477000,47,0,0,0,0,47,47,47,47
Aaron Francis,SYD,402000,0,0,0,0,0,0,0,0,0
Aaron Naughton,WBD,200000,0,0,0,0,0,0,0,0,0
Adam Cerra,CAR,549000,77,0,0,0,0,77,77,77,77
Adam Kennedy,GWS,445000,0,0,0,0,0,0,0,0,0
Adam Saad,CAR,418000,59,0,0,0,0,59,59,59,59
Adam Tomlinson,MEL,932000,53,0,0,0,0,53,53,53,53
Adam Treloar,WBD,637000,0,0,0,0,0,0,0,0,0
Aidan Corr,NTH,327000,0,0,0,0,0,0,0,0,0
Aiden Begg,COLL,976000,0,0,0,0,0,0,0,0,0
Aiden O'Driscoll,WBD,560000,0,0,0,0,0,0,0,0,0
Alex Cincotta,CAR,200000,0,0,0,0,0,0,0,0,0
Alex Davies,GCS,605000,0,0,0,0,0,0,0,0,0
Alex Keath,WBD,219000,0,0,0,0,0,0,0,0,0
Alex Mirkov,CAR,794000,0,0,0,0,0,0,0,0,0
Alex Neal-Bullen,MEL,598000,68,0,0,0,0,68,68,68,68
Alex Pearce,FRE,579000,0,0,0,0,0,0,0,0,0
Alex Sexton,GCS,538000,80,0,0,0,0,80,80,80,80
Alex Witherden,WCE,270000,0,0,0,0,0,0,0,0,0
Aliir Aliir,PTA,646000,0,0,0,0,0,0,0,0,0
Alwyn Davey,ESS,811000,0,0,0,0,0,0,0,0,0
Andrew Brayshaw,FRE,288000,0,0,0,0,0,0,0,0,0
Andrew Gaff,WCE,550000,0,0,0,0,0,0,0,0,0
Andrew McGrath,ESS,471000,0,0,0,0,0,0,0,0,0
Andy Moniz-Wakefield,MEL,799000,0,0,0,0,0,0,0,0,0
Angus Brayshaw,MEL,869000,0,0,0,0,0,0,0,0,0
Angus Hastie,STK,288000,0,0,0,0,0,0,0,0,0
Angus McLennan,STK,715000,0,0,0,0,0,0,0,0,0
Angus Sheldrick,SYD,542000,0,0,0,0,0,0,0,0,0
Anthony Caminiti,STK,333000,0,0,0,0,0,0,0,0,0
Anthony Scott,WBD,943000,0,0,0,0,0,0,0,0,0
Archer Reid,WCE,246000,0,0,0,0,0,0,0,0,0
Archie Perkins,ESS,679000,0,0,0,0,0,0,0,0,0
Archie Roberts,ESS,441000,0,0,0,0,0,0,0,0,0
Arie Schoenmaker,STK,391000,0,0,0,0,0,0,0,0,0
Arthur Jones,WBD,493000,0,0,0,0,0,0,0,0,0
Ash Johnson,COLL,200000,11,0,0,0,0,11,11,11,11
Ashton Moir,CAR,812000,0,0,0,0,0,0,0,0,0
Bailey Banfield,FRE,512000,0,0,0,0,0,0,0,0,0
Bailey Dale,WBD,200000,0,0,0,0,0,0,0,0,0
Bailey Humphrey,GCS,417000,21,0,0,0,0,21,21,21,21
Bailey J. Williams,WCE,447000,0,0,0,0,0,0,0,0,0
Bailey Laurie,MEL,316000,26,0,0,0,0,26,26,26,26
Bailey Macdonald,HAW,570000,0,0,0,0,0,0,0,0,0
Bailey Scott,NTH,300000,0,0,0,0,0,0,0,0,0
Bailey Smith,WBD,664000,0,0,0,0,0,0,0,0,0
Bailey Williams,WBD,507000,0,0,0,0,0,0,0,0,0
Bayley Fritsch,MEL,338000,59,0,0,0,0,59,59,59,59
Beau McCreery,COLL,735000,55,0,0,0,0,55,55,55,55
Ben Ainsworth,GCS,467000,55,0,0,0,0,55,55,55,55
Ben Brown,MEL,563000,0,0,0,0,0,0,0,0,0
Ben Hobbs,ESS,457000,0,0,0,0,0,0,0,0,0
Ben Keays,ADE,463000,0,0,0,0,0,0,0,0,0
Ben King,GCS,957000,79,0,0,0,0,79,79,79,79
Ben Long,GCS,758000,0,0,0,0,0,0,0,0,0
Ben McKay,ESS,501000,0,0,0,0,0,0,0,0,0
Ben Miller,RI,569000,0,0,0,0,0,0,0,0,0
Ben Paton,STK,849000,0,0,0,0,0,0,0,0,0
Bigoa Nyuon,NTH,200000,0,0,0,0,0,0,0,0,0
Billy Dowling,ADE,323000,0,0,0,0,0,0,0,0,0
Billy Frampton,COLL,574000,0,0,0,0,0,0,0,0,0
Billy Wilson,CAR,737000,0,0,0,0,0,0,0,0,0
Blake Acres,CAR,633000,69,0,0,0,0,69,69,69,69
Blake Drury,NTH,458000,0,0,0,0,0,0,0,0,0
Blake Hardwick,HAW,314000,0,0,0,0,0,0,0,0,0
Blake Howes,MEL,200000,74,0,0,0,0,74,74,74,74
Bobby Hill,COLL,314000,52,0,0,0,0,52,52,52,52
Bodhi Uwland,GCS,588000,26,0,0,0,0,26,26,26,26
Bodie Ryan,HAW,200000,0,0,0,0,0,0,0,0,0
Brad Close,GEE,783000,0,0,0,0,0,0,0,0,0
Brad Crouch,STK,200000,0,0,0,0,0,0,0,0,0
Bradley Hill,STK,200000,0,0,0,0,0,0,0,0,0
Brady Hough,WCE,830000,0,0,0,0,0,0,0,0,0
Braeden Campbell,SYD,521000,74,0,0,0,0,74,74,74,74
Brandan Parfitt,GEE,200000,0,0,0,0,0,0,0,0,0
Brandon Ellis,GCS,553000,58,0,0,0,0,58,58,58,58
Brandon Ryan,BRL,410000,0,0,0,0,0,0,0,0,0
Brandon Starcevich,BRL,570000,26,0,0,0,0,26,26,26,26
Brandon Walker,FRE,600000,0,0,0,0,0,0,0,0,0
Brandon Zerk-Thatcher,PTA,616000,0,0,0,0,0,0,0,0,0
Brayden Cook,ADE,204000,0,0,0,0,0,0,0,0,0
Brayden Fiorini,GCS,552000,98,0,0,0,0,98,98,98,98
Brayden George,NTH,292000,0,0,0,0,0,0,0,0,0
Brayden Maynard,COLL,200000,99,0,0,0,0,99,99,99,99
Braydon Preuss,GWS,444000,0,0,0,0,0,0,0,0,0
Brennan Cox,FRE,200000,0,0,0,0,0,0,0,0,0
Brent Daniels,GWS,367000,96,0,0,0,0,96,96,96,96
Brodie Grundy,SYD,261000,118,0,0,0,0,118,118,118,118
Brodie Kemp,CAR,765000,47,0,0,0,0,47,47,47,47
Brodie Smith,ADE,200000,0,0,0,0,0,0,0,0,0
Brody Mihocek,COLL,762000,65,0,0,0,0,65,65,65,65
Bruce Reville,BRL,412000,0,0,0,0,0,0,0,0,0
Buku Khamis,WBD,200000,0,0,0,0,0,0,0,0,0
Caiden Cleary,SYD,200000,0,0,0,0,0,0,0,0,0
Caleb Daniel,WBD,252000,0,0,0,0,0,0,0,0,0
Caleb Graham,GCS,607000,0,0,0,0,0,0,0,0,0
Caleb Marchbank,CAR,492000,0,0,0,0,0,0,0,0,0
Caleb Mitchell,SYD,649000,0,0,0,0,0,0,0,0,0
Caleb Poulter,WBD,200000,0,0,0,0,0,0,0,0,0
Caleb Serong,FRE,624000,0,0,0,0,0,0,0,0,0
Caleb Windsor,MEL,305000,45,0,0,0,0,45,45,45,45
Callan Ward,GWS,350000,19,0,0,0,0,19,19,19,19
Callum Ah Chee,BRL,471000,76,0,0,0,0,76,76,76,76
Callum Coleman-Jones,NTH,200000,0,0,0,0,0,0,0,0,0
Callum Jamieson,WCE,200000,0,0,0,0,0,0,0,0,0
Callum M. Brown,GWS,372000,86,0,0,0,0,86,86,86,86
Callum Mills,SYD,370000,0,0,0,0,0,0,0,0,0
Callum Wilkie,STK,512000,0,0,0,0,0,0,0,0,0
Calsher Dear,HAW,688000,0,0,0,0,0,0,0,0,0
Cam Mackenzie,HAW,655000,0,0,0,0,0,0,0,0,0
Cam Rayner,BRL,773000,74,0,0,0,0,74,74,74,74
Cameron Guthrie,GEE,684000,0,0,0,0,0,0,0,0,0
Cameron Zurhaar,NTH,200000,0,0,0,0,0,0,0,0,0
Campbell Chesser,WCE,741000,0,0,0,0,0,0,0,0,0
Carter Michael,BRL,491000,0,0,0,0,0,0,0,0,0
Chad Warner,SYD,200000,88,0,0,0,0,88,88,88,88
Chad Wingard,HAW,200000,0,0,0,0,0,0,0,0,0
Changkuoth Jiath,HAW,691000,0,0,0,0,0,0,0,0,0
Charlie Ballard,GCS,200000,68,0,0,0,0,68,68,68,68
Charlie Cameron,BRL,415000,60,0,0,0,0,60,60,60,60
Charlie Clarke,WBD,610000,0,0,0,0,0,0,0,0,0
Charlie Comben,NTH,318000,0,0,0,0,0,0,0,0,0
Charlie Curnow,CAR,684000,72,0,0,0,0,72,72,72,72
Charlie Dean,COLL,239000,36,0,0,0,0,36,36,36,36
Charlie Dixon,PTA,200000,0,0,0,0,0,0,0,0,0
Charlie Edwards,ADE,213000,0,0,0,0,0,0,0,0,0
Charlie Lazzaro,NTH,228000,0,0,0,0,0,0,0,0,0
Charlie Spargo,MEL,200000,36,0,0,0,0,36,36,36,36
Chayce Jones,ADE,950000,0,0,0,0,0,0,0,0,0
Chris Burgess,ADE,221000,0,0,0,0,0,0,0,0,0
Christian Petracca,MEL,518000,87,0,0,0,0,87,87,87,87
Christian Salem,MEL,829000,95,0,0,0,0,95,95,95,95
Clay Hall,WCE,255000,0,0,0,0,0,0,0,0,0
Clay Tucker,HAW,667000,0,0,0,0,0,0,0,0,0
Clayton Oliver,MEL,691000,89,0,0,0,0,89,89,89,89
Coby Burgiel,WCE,200000,0,0,0,0,0,0,0,0,0
Cody Weightman,WBD,484000,0,0,0,0,0,0,0,0,0
Coen Livingstone,WCE,495000,0,0,0,0,0,0,0,0,0
Colby McKercher,NTH,200000,0,0,0,0,0,0,0,0,0
Connor Budarick,GCS,200000,88,0,0,0,0,88,88,88,88
Connor Idun,GWS,200000,57,0,0,0,0,57,57,57,57
Connor Macdonald,HAW,608000,0,0,0,0,0,0,0,0,0
Connor O'Sullivan,GEE,200000,0,0,0,0,0,0,0,0,0
Connor Rozee,PTA,351000,0,0,0,0,0,0,0,0,0
Conor McKenna,BRL,541000,0,0,0,0,0,0,0,0,0
Conor Nash,HAW,463000,0,0,0,0,0,0,0,0,0
Conor Stone,GWS,644000,0,0,0,0,0,0,0,0,0
Conrad Williams,FRE,453000,0,0,0,0,0,0,0,0,0
Cooper Hamilton,GWS,310000,0,0,0,0,0,0,0,0,0
Cooper Harvey,NTH,636000,0,0,0,0,0,0,0,0,0
Cooper Sharman,STK,876000,0,0,0,0,0,0,0,0,0
Cooper Simpson,FRE,200000,0,0,0,0,0,0,0,0,0
Cooper Stephens,HAW,666000,0,0,0,0,0,0,0,0,0
Cooper Vickery,SYD,824000,0,0,0,0,0,0,0,0,0
Corey Durdin,CAR,654000,0,0,0,0,0,0,0,0,0
Corey Wagner,FRE,200000,0,0,0,0,0,0,0,0,0
Corey Warner,SYD,446000,0,0,0,0,0,0,0,0,0
Curtis Taylor,NTH,621000,0,0,0,0,0,0,0,0,0
Dan Butler,STK,693000,0,0,0,0,0,0,0,0,0
Dan Houston,PTA,393000,0,0,0,0,0,0,0,0,0
Dane Rampe,SYD,435000,70,0,0,0,0,70,70,70,70
Daniel Curtin,ADE,455000,0,0,0,0,0,0,0,0,0
Daniel McStay,COLL,837000,0,0,0,0,0,0,0,0,0
Daniel Rioli,RI,601000,56,0,0,0,0,56,56,56,56
Daniel Turner,MEL,721000,0,0,0,0,0,0,0,0,0
Dante Visentini,PTA,551000,0,0,0,0,0,0,0,0,0
Darcy Byrne-Jones,PTA,884000,0,0,0,0,0,0,0,0,0
Darcy Cameron,COLL,517000,131,0,0,0,0,131,131,131,131
Darcy Fogarty,ADE,692000,0,0,0,0,0,0,0,0,0
Darcy Fort,BRL,348000,0,0,0,0,0,0,0,0,0
Darcy Gardiner,BRL,445000,36,0,0,0,0,36,36,36,36
Darcy Jones,GWS,200000,0,0,0,0,0,0,0,0,0
Darcy Macpherson,GCS,545000,8,0,0,0,0,8,8,8,8
Darcy Moore,COLL,545000,44,0,0,0,0,44,44,44,44
Darcy Parish,ESS,245000,0,0,0,0,0,0,0,0,0
Darcy Tucker,NTH,200000,0,0,0,0,0,0,0,0,0
Darcy Wilmot,BRL,201000,70,0,0,0,0,70,70,70,70
Darcy Wilson,STK,248000,0,0,0,0,0,0,0,0,0
Darragh Joyce,BRL,473000,0,0,0,0,0,0,0,0,0
David Cuningham,CAR,200000,64,0,0,0,0,64,64,64,64
David Swallow,GCS,447000,60,0,0,0,0,60,60,60,60
Dayne Zorko,BRL,672000,105,0,0,0,0,105,105,105,105
Denver Grainger-Barras,HAW,200000,0,0,0,0,0,0,0,0,0
Deven Robertson,BRL,395000,0,0,0,0,0,0,0,0,0
Dion Prestia,RI,711000,64,0,0,0,0,64,64,64,64
Dom Sheed,WCE,633000,0,0,0,0,0,0,0,0,0
Domanic Akuei,CAR,809000,0,0,0,0,0,0,0,0,0
Dominic Bedendo,WBD,532000,0,0,0,0,0,0,0,0,0
Dougal Howard,STK,200000,0,0,0,0,0,0,0,0,0
Dustin Martin,RI,200000,0,0,0,0,0,0,0,0,0
Dylan Grimes,RI,200000,34,0,0,0,0,34,34,34,34
Dylan Moore,HAW,752000,0,0,0,0,0,0,0,0,0
Dylan Shiel,ESS,559000,0,0,0,0,0,0,0,0,0
Dylan Stephens,NTH,468000,0,0,0,0,0,0,0,0,0
Dylan Williams,PTA,538000,0,0,0,0,0,0,0,0,0
Dyson Heppell,ESS,393000,0,0,0,0,0,0,0,0,0
Ed Langdon,MEL,601000,79,0,0,0,0,79,79,79,79
Ed Richards,WBD,518000,0,0,0,0,0,0,0,0,0
Eddie Ford,NTH,496000,0,0,0,0,0,0,0,0,0
Edward Allan,COLL,446000,0,0,0,0,0,0,0,0,0
Elijah Hewett,WCE,569000,0,0,0,0,0,0,0,0,0
Elijah Hollands,CAR,275000,0,0,0,0,0,0,0,0,0
Elijah Tsatas,ESS,408000,0,0,0,0,0,0,0,0,0
Elliot Yeo,WCE,623000,0,0,0,0,0,0,0,0,0
Elliott Himmelberg,ADE,667000,0,0,0,0,0,0,0,0,0
Emerson Jeka,GEE,729000,0,0,0,0,0,0,0,0,0
Eric Hipwood,BRL,200000,56,0,0,0,0,56,56,56,56
Errol Gulden,SYD,685000,69,0,0,0,0,69,69,69,69
Esava Ratugolea,PTA,612000,0,0,0,0,0,0,0,0,0
Ethan Hughes,FRE,222000,0,0,0,0,0,0,0,0,0
Ethan Read,GCS,327000,0,0,0,0,0,0,0,0,0
Ethan Stanley,FRE,200000,0,0,0,0,0,0,0,0,0
Finlay Macrae,COLL,430000,0,0,0,0,0,0,0,0,0
Finn Callaghan,GWS,200000,0,0,0,0,0,0,0,0,0
Finn Maginness,HAW,663000,0,0,0,0,0,0,0,0,0
Finnbar Maley,NTH,494000,0,0,0,0,0,0,0,0,0
Francis Evans,PTA,495000,0,0,0,0,0,0,0,0,0
Gary Rohan,GEE,432000,0,0,0,0,0,0,0,0,0
George Hewett,CAR,520000,100,0,0,0,0,100,100,100,100
George Stevens,GEE,472000,0,0,0,0,0,0,0,0,0
George Wardlaw,NTH,423000,0,0,0,0,0,0,0,0,0
Griffin Logue,NTH,535000,0,0,0,0,0,0,0,0,0
Gryan Miers,GEE,783000,0,0,0,0,0,0,0,0,0
Hamish Free,NTH,628000,0,0,0,0,0,0,0,0,0
Harley Reid,WCE,200000,0,0,0,0,0,0,0,0,0
Harris Andrews,BRL,673000,73,0,0,0,0,73,73,73,73
Harrison Arnold,SYD,457000,0,0,0,0,0,0,0,0,0
Harrison Jones,ESS,210000,0,0,0,0,0,0,0,0,0
Harrison Petty,MEL,591000,0,0,0,0,0,0,0,0,0
Harry Barnett,WCE,860000,0,0,0,0,0,0,0,0,0
Harry Cunningham,SYD,604000,92,0,0,0,0,92,92,92,92
Harry DeMattia,COLL,477000,0,0,0,0,0,0,0,0,0
Harry Edwards,WCE,200000,0,0,0,0,0,0,0,0,0
Harry Himmelberg,GWS,291000,86,0,0,0,0,86,86,86,86
Harry Lemmey,CAR,477000,0,0,0,0,0,0,0,0,0
Harry McKay,CAR,200000,82,0,0,0,0,82,82,82,82
Harry Morrison,HAW,779000,0,0,0,0,0,0,0,0,0
Harry Perryman,GWS,432000,0,0,0,0,0,0,0,0,0
Harry Rowston,GWS,499000,0,0,0,0,0,0,0,0,0
Harry Schoenberg,ADE,485000,0,0,0,0,0,0,0,0,0
Harry Sharp,BRL,698000,0,0,0,0,0,0,0,0,0
Harry Sheezel,NTH,200000,0,0,0,0,0,0,0,0,0
Harvey Gallagher,WBD,494000,0,0,0,0,0,0,0,0,0
Harvey Harrison,COLL,496000,0,0,0,0,0,0,0,0,0
Harvey Johnston,WCE,200000,0,0,0,0,0,0,0,0,0
Harvey Thomas,GWS,528000,18,0,0,0,0,18,18,18,18
Hayden McLean,SYD,200000,40,0,0,0,0,40,40,40,40
Hayden Young,FRE,358000,0,0,0,0,0,0,0,0,0
Heath Chapman,FRE,733000,0,0,0,0,0,0,0,0,0
Henry Hustwaite,HAW,616000,0,0,0,0,0,0,0,0,0
Henry Smith,BRL,457000,0,0,0,0,0,0,0,0,0
Hewago Paul Oea,GCS,297000,0,0,0,0,0,0,0,0,0
Hudson O'Keeffe,CAR,623000,0,0,0,0,0,0,0,0,0
Hugh Bond,ADE,513000,0,0,0,0,0,0,0,0,0
Hugh Davies,FRE,252000,0,0,0,0,0,0,0,0,0
Hugh Greenwood,NTH,200000,0,0,0,0,0,0,0,0,0
Hugh Jackson,PTA,200000,0,0,0,0,0,0,0,0,0
Hugh McCluggage,BRL,360000,68,0,0,0,0,68,68,68,68
Hugo Garcia,STK,292000,0,0,0,0,0,0,0,0,0
Hugo Ralphsmith,RI,505000,0,0,0,0,0,0,0,0,0
Hunter Clark,STK,420000,0,0,0,0,0,0,0,0,0
Indhi Kirk,SYD,667000,0,0,0,0,0,0,0,0,0
Isaac Cumming,GWS,629000,0,0,0,0,0,0,0,0,0
Isaac Heeney,SYD,200000,121,0,0,0,0,121,121,121,121
Isaac Keeler,STK,200000,0,0,0,0,0,0,0,0,0
Isaac Quaynor,COLL,231000,58,0,0,0,0,58,58,58,58
Ivan Soldo,PTA,200000,0,0,0,0,0,0,0,0,0
Izak Rankine,ADE,604000,0,0,0,0,0,0,0,0,0
Jack Billings,MEL,447000,10,0,0,0,0,10,10,10,10
Jack Bowes,GEE,200000,0,0,0,0,0,0,0,0,0
Jack Buckley,GWS,273000,35,0,0,0,0,35,35,35,35
Jack Buller,SYD,268000,0,0,0,0,0,0,0,0,0
Jack Carroll,CAR,348000,45,0,0,0,0,45,45,45,45
Jack Crisp,COLL,297000,75,0,0,0,0,75,75,75,75
Jack Darling,WCE,654000,0,0,0,0,0,0,0,0,0
Jack Delean,FRE,584000,0,0,0,0,0,0,0,0,0
Jack Ginnivan,HAW,422000,0,0,0,0,0,0,0,0,0
Jack Graham,RI,456000,0,0,0,0,0,0,0,0,0
Jack Gunston,HAW,200000,0,0,0,0,0,0,0,0,0
Jack Hayes,STK,630000,0,0,0,0,0,0,0,0,0
Jack Henry,GEE,258000,0,0,0,0,0,0,0,0,0
Jack Higgins,STK,278000,0,0,0,0,0,0,0,0,0
Jack Lukosius,GCS,240000,69,0,0,0,0,69,69,69,69
Jack Macrae,WBD,233000,0,0,0,0,0,0,0,0,0
Jack Mahony,GCS,1027000,0,0,0,0,0,0,0,0,0
Jack Martin,CAR,476000,0,0,0,0,0,0,0,0,0
Jack O'Sullivan,HAW,568000,0,0,0,0,0,0,0,0,0
Jack Payne,BRL,631000,18,0,0,0,0,18,18,18,18
Jack Petruccelle,WCE,200000,0,0,0,0,0,0,0,0,0
Jack Ross,RI,448000,31,0,0,0,0,31,31,31,31
Jack Scrimshaw,HAW,412000,0,0,0,0,0,0,0,0,0
Jack Silvagni,CAR,687000,0,0,0,0,0,0,0,0,0
Jack Sinclair,STK,200000,0,0,0,0,0,0,0,0,0
Jack Steele,STK,336000,0,0,0,0,0,0,0,0,0
Jack Viney,MEL,200000,123,0,0,0,0,123,123,123,123
Jack Williams,WCE,225000,0,0,0,0,0,0,0,0,0
Jackson Archer,NTH,691000,0,0,0,0,0,0,0,0,0
Jackson Mead,PTA,618000,0,0,0,0,0,0,0,0,0
Jacob Bauer,RI,382000,0,0,0,0,0,0,0,0,0
Jacob Hopper,RI,200000,95,0,0,0,0,95,95,95,95
Jacob Konstanty,SYD,422000,0,0,0,0,0,0,0,0,0
Jacob Koschitzke,RI,809000,30,0,0,0,0,30,30,30,30
Jacob van Rooyen,MEL,543000,45,0,0,0,0,45,45,45,45
Jacob Wehr,GWS,200000,43,0,0,0,0,43,43,43,43
Jacob Weitering,CAR,310000,0,0,0,0,0,0,0,0,0
Jade Gresham,ESS,200000,0,0,0,0,0,0,0,0,0
Jaeger O'Meara,FRE,701000,0,0,0,0,0,0,0,0,0
Jai Culley,WCE,501000,0,0,0,0,0,0,0,0,0
Jai Newcombe,HAW,373000,0,0,0,0,0,0,0,0,0
Jai Serong,HAW,692000,0,0,0,0,0,0,0,0,0
Jaiden Hunter,ESS,897000,0,0,0,0,0,0,0,0,0
Jaiden Magor,SYD,209000,0,0,0,0,0,0,0,0,0
Jaidyn Stephenson,NTH,669000,0,0,0,0,0,0,0,0,0
Jake Bowey,MEL,575000,54,0,0,0,0,54,54,54,54
Jake Kelly,ESS,774000,0,0,0,0,0,0,0,0,0
Jake Kolodjashnij,GEE,311000,0,0,0,0,0,0,0,0,0
Jake Lever,MEL,868000,48,0,0,0,0,48,48,48,48
Jake Lloyd,SYD,510000,56,0,0,0,0,56,56,56,56
Jake Melksham,MEL,490000,0,0,0,0,0,0,0,0,0
Jake Riccardi,GWS,267000,9,0,0,0,0,9,9,9,9
Jake Rogers,GCS,740000,0,0,0,0,0,0,0,0,0
Jake Soligo,ADE,200000,0,0,0,0,0,0,0,0,0
Jake Stringer,ESS,453000,0,0,0,0,0,0,0,0,0
Jake Waterman,WCE,484000,0,0,0,0,0,0,0,0,0
Jakob Ryan,COLL,282000,0,0,0,0,0,0,0,0,0
Jamaine Jones,WCE,200000,0,0,0,0,0,0,0,0,0
Jamarra Ugle-Hagan,WBD,200000,0,0,0,0,0,0,0,0,0
James Aish,FRE,269000,0,0,0,0,0,0,0,0,0
James Blanck,HAW,200000,0,0,0,0,0,0,0,0,0
James Borlase,ADE,200000,0,0,0,0,0,0,0,0,0
James Harmes,WBD,433000,0,0,0,0,0,0,0,0,0
James Jordon,SYD,473000,76,0,0,0,0,76,76,76,76
James Leake,GWS,351000,0,0,0,0,0,0,0,0,0
James Madden,BRL,200000,0,0,0,0,0,0,0,0,0
James O'Donnell,WBD,601000,0,0,0,0,0,0,0,0,0
James Peatling,GWS,667000,0,0,0,0,0,0,0,0,0
James Rowbottom,SYD,246000,77,0,0,0,0,77,77,77,77
James Sicily,HAW,457000,0,0,0,0,0,0,0,0,0
James Trezise,RI,495000,0,0,0,0,0,0,0,0,0
James Tsitas,GCS,486000,0,0,0,0,0,0,0,0,0
James Tunstill,BRL,200000,0,0,0,0,0,0,0,0,0
James Van Es,STK,200000,0,0,0,0,0,0,0,0,0
James Willis,GEE,560000,0,0,0,0,0,0,0,0,0
James Worpel,HAW,728000,0,0,0,0,0,0,0,0,0
Jamie Cripps,WCE,200000,0,0,0,0,0,0,0,0,0
Jamie Elliott,COLL,384000,62,0,0,0,0,62,62,62,62
Jarman Impey,HAW,200000,0,0,0,0,0,0,0,0,0
Jarrod Berry,BRL,631000,60,0,0,0,0,60,60,60,60
Jarrod Witts,GCS,200000,77,0,0,0,0,77,77,77,77
Jarryd Lyons,BRL,682000,94,0,0,0,0,94,94,94,94
Jase Burgoyne,PTA,748000,0,0,0,0,0,0,0,0,0
Jason Horne-Francis,PTA,200000,0,0,0,0,0,0,0,0,0
Jason Johannisen,WBD,454000,0,0,0,0,0,0,0,0,0
Jaspa Fletcher,BRL,200000,39,0,0,0,0,39,39,39,39
Jaxon Binns,CAR,542000,0,0,0,0,0,0,0,0,0
Jaxon Prior,BRL,475000,0,0,0,0,0,0,0,0,0
Jayden Davey,ESS,525000,0,0,0,0,0,0,0,0,0
Jayden Hunt,WCE,898000,0,0,0,0,0,0,0,0,0
Jayden Laverde,ESS,827000,0,0,0,0,0,0,0,0,0
Jayden Short,RI,243000,103,0,0,0,0,103,103,103,103
Jed Adams,MEL,487000,0,0,0,0,0,0,0,0,0
Jed Bews,GEE,257000,0,0,0,0,0,0,0,0,0
Jed McEntee,PTA,722000,0,0,0,0,0,0,0,0,0
Jed Walter,GCS,319000,0,0,0,0,0,0,0,0,0
Jedd Busslinger,WBD,261000,0,0,0,0,0,0,0,0,0
Jeremy Cameron,GEE,533000,0,0,0,0,0,0,0,0,0
Jeremy Finlayson,PTA,922000,0,0,0,0,0,0,0,0,0
Jeremy Howe,COLL,439000,0,0,0,0,0,0,0,0,0
Jeremy McGovern,WCE,200000,0,0,0,0,0,0,0,0,0
Jeremy Sharp,FRE,284000,0,0,0,0,0,0,0,0,0
Jesse Hogan,GWS,200000,75,0,0,0,0,75,75,75,75
Jesse Motlop,CAR,262000,0,0,0,0,0,0,0,0,0
Jhye Clark,GEE,355000,0,0,0,0,0,0,0,0,0
Jimmy Webster,STK,479000,0,0,0,0,0,0,0,0,0
Joe Daniher,BRL,276000,59,0,0,0,0,59,59,59,59
Joe Fonti,GWS,579000,0,0,0,0,0,0,0,0,0
Joe Furphy,GEE,356000,0,0,0,0,0,0,0,0,0
Joe Richards,COLL,811000,0,0,0,0,0,0,0,0,0
Joel Amartey,SYD,512000,23,0,0,0,0,23,23,23,23
Joel Freijah,WBD,200000,0,0,0,0,0,0,0,0,0
Joel Hamling,SYD,399000,0,0,0,0,0,0,0,0,0
Joel Jeffrey,GCS,411000,0,0,0,0,0,0,0,0,0
Joel Smith,MEL,407000,0,0,0,0,0,0,0,0,0
John Noble,COLL,634000,32,0,0,0,0,32,32,32,32
Jordan Boyd,CAR,548000,74,0,0,0,0,74,74,74,74
Jordan Clark,FRE,466000,0,0,0,0,0,0,0,0,0
Jordan Croft,WBD,562000,0,0,0,0,0,0,0,0,0
Jordan Dawson,ADE,770000,0,0,0,0,0,0,0,0,0
Jordan De Goey,COLL,338000,61,0,0,0,0,61,61,61,61
Jordan Ridley,ESS,636000,0,0,0,0,0,0,0,0,0
Jordon Butts,ADE,484000,0,0,0,0,0,0,0,0,0
Jordon Sweet,PTA,335000,0,0,0,0,0,0,0,0,0
Jordyn Baker,WCE,244000,0,0,0,0,0,0,0,0,0
Josh Battle,STK,698000,0,0,0,0,0,0,0,0,0
Josh Carmichael,COLL,298000,0,0,0,0,0,0,0,0,0
Josh Corbett,FRE,644000,0,0,0,0,0,0,0,0,0
Josh Daicos,COLL,544000,111,0,0,0,0,111,111,111,111
Josh Dunkley,BRL,639000,104,0,0,0,0,104,104,104,104
Josh Fahey,GWS,234000,0,0,0,0,0,0,0,0,0
Josh Gibcus,RI,421000,39,0,0,0,0,39,39,39,39
Josh Goater,NTH,200000,0,0,0,0,0,0,0,0,0
Josh Kelly,GWS,491000,117,0,0,0,0,117,117,117,117
Josh Rachele,ADE,647000,0,0,0,0,0,0,0,0,0
Josh Rotham,WCE,291000,0,0,0,0,0,0,0,0,0
Josh Schache,MEL,384000,29,0,0,0,0,29,29,29,29
Josh Sinn,PTA,413000,0,0,0,0,0,0,0,0,0
Josh Treacy,FRE,542000,0,0,0,0,0,0,0,0,0
Josh Ward,HAW,835000,0,0,0,0,0,0,0,0,0
Josh Weddle,HAW,449000,0,0,0,0,0,0,0,0,0
Josh Worrell,ADE,656000,0,0,0,0,0,0,0,0,0
Joshua Bennetts,HAW,362000,0,0,0,0,0,0,0,0,0
Joshua Draper,FRE,200000,0,0,0,0,0,0,0,0,0
Judd McVee,MEL,662000,73,0,0,0,0,73,73,73,73
Judson Clarke,RI,513000,0,0,0,0,0,0,0,0,0
Justin McInerney,SYD,831000,79,0,0,0,0,79,79,79,79
Jy Farrar,GCS,342000,0,0,0,0,0,0,0,0,0
Jy Simpkin,NTH,200000,0,0,0,0,0,0,0,0,0
Jye Amiss,FRE,420000,0,0,0,0,0,0,0,0,0
Jye Caldwell,ESS,200000,0,0,0,0,0,0,0,0,0
Jye Menzie,ESS,425000,0,0,0,0,0,0,0,0,0
Kade Chandler,MEL,1071000,44,0,0,0,0,44,44,44,44
Kai Lohmann,BRL,200000,28,0,0,0,0,28,28,28,28
Kaine Baldwin,ESS,494000,0,0,0,0,0,0,0,0,0
Kaleb Smith,RI,200000,0,0,0,0,0,0,0,0,0
Kalin Lane,BRL,793000,0,0,0,0,0,0,0,0,0
Kallan Dawson,NTH,468000,0,0,0,0,0,0,0,0,0
Kamdyn McIntosh,RI,627000,44,0,0,0,0,44,44,44,44
Kane Farrell,PTA,200000,0,0,0,0,0,0,0,0,0
Kane McAuliffe,RI,861000,0,0,0,0,0,0,0,0,0
Karl Amon,HAW,324000,0,0,0,0,0,0,0,0,0
Karl Worner,FRE,443000,0,0,0,0,0,0,0,0,0
Keidean Coleman,BRL,691000,34,0,0,0,0,34,34,34,34
Kieran Strachan,ADE,464000,0,0,0,0,0,0,0,0,0
Kieren Briggs,GWS,200000,65,0,0,0,0,65,65,65,65
Koltyn Tholstrup,MEL,420000,0,0,0,0,0,0,0,0,0
Kyah Farris-White,MEL,501000,0,0,0,0,0,0,0,0,0
Kyle Langford,ESS,734000,0,0,0,0,0,0,0,0,0
Kyle Marshall,PTA,447000,0,0,0,0,0,0,0,0,0
Kynan Brown,MEL,595000,0,0,0,0,0,0,0,0,0
Kysaiah Pickett,MEL,891000,0,0,0,0,0,0,0,0,0
Lachie Ash,GWS,798000,102,0,0,0,0,102,102,102,102
Lachie Fogarty,CAR,965000,81,0,0,0,0,81,81,81,81
Lachie Hunter,MEL,413000,0,0,0,0,0,0,0,0,0
Lachie Jones,PTA,516000,0,0,0,0,0,0,0,0,0
Lachie Neale,BRL,589000,75,0,0,0,0,75,75,75,75
Lachie Schultz,COLL,677000,79,0,0,0,0,79,79,79,79
Lachie Weller,GCS,283000,0,0,0,0,0,0,0,0,0
Lachie Whitfield,GWS,411000,137,0,0,0,0,137,137,137,137
Lachlan Charleson,PTA,527000,0,0,0,0,0,0,0,0,0
Lachlan Cowan,CAR,335000,0,0,0,0,0,0,0,0,0
Lachlan Gollant,ADE,770000,0,0,0,0,0,0,0,0,0
Lachlan Keeffe,GWS,570000,0,0,0,0,0,0,0,0,0
Lachlan McAndrew,SYD,405000,0,0,0,0,0,0,0,0,0
Lachlan McNeil,WBD,322000,0,0,0,0,0,0,0,0,0
Lachlan Murphy,ADE,402000,0,0,0,0,0,0,0,0,0
Lachlan Sholl,ADE,462000,0,0,0,0,0,0,0,0,0
Lachlan Smith,WBD,669000,0,0,0,0,0,0,0,0,0
Laitham Vandermeer,WBD,466000,0,0,0,0,0,0,0,0,0
Lance Collard,STK,403000,0,0,0,0,0,0,0,0,0
Lawson Humphries,GEE,942000,0,0,0,0,0,0,0,0,0
Leek Aleer,GWS,285000,0,0,0,0,0,0,0,0,0
Levi Casboult,GCS,200000,34,0,0,0,0,34,34,34,34
Lewis Hayes,ESS,456000,0,0,0,0,0,0,0,0,0
Lewis Melican,SYD,550000,20,0,0,0,0,20,20,20,20
Lewis Young,CAR,388000,61,0,0,0,0,61,61,61,61
Liam Baker,RI,943000,46,0,0,0,0,46,46,46,46
Liam Duggan,WCE,1019000,0,0,0,0,0,0,0,0,0
Liam Fawcett,RI,200000,0,0,0,0,0,0,0,0,0
Liam Henry,STK,264000,0,0,0,0,0,0,0,0,0
Liam Jones,WBD,542000,0,0,0,0,0,0,0,0,0
Liam O'Connell,STK,612000,0,0,0,0,0,0,0,0,0
Liam Reidy,FRE,641000,0,0,0,0,0,0,0,0,0
Liam Ryan,WCE,333000,0,0,0,0,0,0,0,0,0
Liam Shiels,NTH,429000,0,0,0,0,0,0,0,0,0
Liam Stocker,STK,659000,0,0,0,0,0,0,0,0,0
Lincoln McCarthy,BRL,673000,72,0,0,0,0,72,72,72,72
Lloyd Johnston,GCS,401000,0,0,0,0,0,0,0,0,0
Lloyd Meek,HAW,626000,0,0,0,0,0,0,0,0,0
Loch Rawlinson,WCE,732000,0,0,0,0,0,0,0,0,0
Logan McDonald,SYD,200000,37,0,0,0,0,37,37,37,37
Logan Morris,BRL,200000,0,0,0,0,0,0,0,0,0
Luamon Lual,ESS,530000,0,0,0,0,0,0,0,0,0
Luke Breust,HAW,200000,0,0,0,0,0,0,0,0,0
Luke Cleary,WBD,445000,0,0,0,0,0,0,0,0,0
Luke Davies-Uniacke,NTH,200000,0,0,0,0,0,0,0,0,0
Luke Edwards,WCE,487000,0,0,0,0,0,0,0,0,0
Luke Jackson,FRE,982000,0,0,0,0,0,0,0,0,0
Luke Lloyd,BRL,219000,0,0,0,0,0,0,0,0,0
Luke McDonald,NTH,200000,0,0,0,0,0,0,0,0,0
Luke Nankervis,ADE,200000,0,0,0,0,0,0,0,0,0
Luke Parker,SYD,824000,0,0,0,0,0,0,0,0,0
Luke Pedlar,ADE,399000,0,0,0,0,0,0,0,0,0
Luke Ryan,FRE,798000,0,0,0,0,0,0,0,0,0
Mabior Chol,HAW,731000,0,0,0,0,0,0,0,0,0
Mac Andrew,GCS,956000,0,0,0,0,0,0,0,0,0
Malcolm Rosas,GCS,288000,75,0,0,0,0,75,75,75,75
Marc Pittonet,CAR,366000,0,0,0,0,0,0,0,0,0
Marcus Bontempelli,WBD,299000,0,0,0,0,0,0,0,0,0
Marcus Windhager,STK,734000,0,0,0,0,0,0,0,0,0
Mark Blicavs,GEE,200000,0,0,0,0,0,0,0,0,0
Mark Keane,ADE,459000,0,0,0,0,0,0,0,0,0
Mark O'Connor,GEE,301000,0,0,0,0,0,0,0,0,0
Marlion Pickett,RI,726000,62,0,0,0,0,62,62,62,62
Marty Hore,MEL,307000,0,0,0,0,0,0,0,0,0
Mason Cox,COLL,653000,31,0,0,0,0,31,31,31,31
Mason Redman,ESS,416000,0,0,0,0,0,0,0,0,0
Mason Wood,STK,500000,0,0,0,0,0,0,0,0,0
Massimo D'Ambrosio,HAW,820000,0,0,0,0,0,0,0,0,0
Mate Colina,RI,631000,0,0,0,0,0,0,0,0,0
Matt Coulthard,RI,554000,0,0,0,0,0,0,0,0,0
Matt Crouch,ADE,413000,0,0,0,0,0,0,0,0,0
Matt Flynn,WCE,354000,0,0,0,0,0,0,0,0,0
Matt Guelfi,ESS,830000,0,0,0,0,0,0,0,0,0
Matt Roberts,SYD,200000,91,0,0,0,0,91,91,91,91
Matt Rowell,GCS,527000,112,0,0,0,0,112,112,112,112
Matt Taberner,FRE,200000,0,0,0,0,0,0,0,0,0
Mattaes Phillipou,STK,709000,0,0,0,0,0,0,0,0,0
Matthew Allison,STK,761000,0,0,0,0,0,0,0,0,0
Matthew Carroll,CAR,654000,0,0,0,0,0,0,0,0,0
Matthew Cottrell,CAR,535000,49,0,0,0,0,49,49,49,49
Matthew Jefferson,MEL,409000,0,0,0,0,0,0,0,0,0
Matthew Johnson,FRE,907000,0,0,0,0,0,0,0,0,0
Matthew Kennedy,CAR,572000,47,0,0,0,0,47,47,47,47
Matthew Owies,CAR,685000,34,0,0,0,0,34,34,34,34
Maurice Rioli,RI,570000,30,0,0,0,0,30,30,30,30
Max Gawn,MEL,998000,87,0,0,0,0,87,87,87,87
Max Gruzewski,GWS,986000,0,0,0,0,0,0,0,0,0
Max Heath,STK,536000,0,0,0,0,0,0,0,0,0
Max Holmes,GEE,277000,0,0,0,0,0,0,0,0,0
Max King,STK,200000,0,0,0,0,0,0,0,0,0
Max Knobel,FRE,505000,0,0,0,0,0,0,0,0,0
Max Michalanney,ADE,996000,0,0,0,0,0,0,0,0,0
Max Ramsden,HAW,237000,0,0,0,0,0,0,0,0,0
Michael Frederick,FRE,721000,0,0,0,0,0,0,0,0,0
Michael Walters,FRE,200000,0,0,0,0,0,0,0,0,0
Miles Bergman,PTA,670000,0,0,0,0,0,0,0,0,0
Miller Bergman,NTH,653000,0,0,0,0,0,0,0,0,0
Mitch Duncan,GEE,450000,0,0,0,0,0,0,0,0,0
Mitch Georgiades,PTA,548000,0,0,0,0,0,0,0,0,0
Mitch Hardie,GEE,387000,0,0,0,0,0,0,0,0,0
Mitch Knevitt,GEE,419000,0,0,0,0,0,0,0,0,0
Mitch Lewis,HAW,200000,0,0,0,0,0,0,0,0,0
Mitch McGovern,CAR,291000,90,0,0,0,0,90,90,90,90
Mitch Owens,STK,855000,0,0,0,0,0,0,0,0,0
Mitchell Edwards,GEE,676000,0,0,0,0,0,0,0,0,0
Mitchell Hinge,ADE,872000,0,0,0,0,0,0,0,0,0
Nasiah Wanganeen-Milera,STK,570000,0,0,0,0,0,0,0,0,0
Nat Fyfe,FRE,316000,0,0,0,0,0,0,0,0,0
Nate Caddy,ESS,1056000,0,0,0,0,0,0,0,0,0
Nathan Broad,RI,638000,54,0,0,0,0,54,54,54,54
Nathan Kreuger,COLL,783000,0,0,0,0,0,0,0,0,0
Nathan Murphy,COLL,200000,0,0,0,0,0,0,0,0,0
Nathan O'Driscoll,FRE,360000,0,0,0,0,0,0,0,0,0
Nathan Wardius,GWS,560000,0,0,0,0,0,0,0,0,0
Ned McHenry,ADE,276000,0,0,0,0,0,0,0,0,0
Ned Moyle,GCS,200000,0,0,0,0,0,0,0,0,0
Ned Reeves,HAW,603000,0,0,0,0,0,0,0,0,0
Neil Erasmus,FRE,552000,0,0,0,0,0,0,0,0,0
Nic Martin,ESS,545000,0,0,0,0,0,0,0,0,0
Nic Newman,CAR,1015000,83,0,0,0,0,83,83,83,83
Nicholas Madden,GWS,674000,0,0,0,0,0,0,0,0,0
Nicholas Watson,HAW,749000,0,0,0,0,0,0,0,0,0
Nick Blakey,SYD,562000,99,0,0,0,0,99,99,99,99
Nick Bryan,ESS,200000,0,0,0,0,0,0,0,0,0
Nick Coffield,WBD,436000,0,0,0,0,0,0,0,0,0
Nick Daicos,COLL,463000,111,0,0,0,0,111,111,111,111
Nick Haynes,GWS,624000,93,0,0,0,0,93,93,93,93
Nick Hind,ESS,536000,0,0,0,0,0,0,0,0,0
Nick Holman,GCS,725000,61,0,0,0,0,61,61,61,61
Nick Larkey,NTH,352000,0,0,0,0,0,0,0,0,0
Nick Murray,ADE,200000,0,0,0,0,0,0,0,0,0
Nick Vlastuin,RI,285000,86,0,0,0,0,86,86,86,86
Nik Cox,ESS,200000,0,0,0,0,0,0,0,0,0
Noah Anderson,GCS,200000,99,0,0,0,0,99,99,99,99
Noah Answerth,BRL,669000,0,0,0,0,0,0,0,0,0
Noah Balta,RI,209000,75,0,0,0,0,75,75,75,75
Noah Cumberland,RI,387000,0,0,0,0,0,0,0,0,0
Noah Long,WCE,694000,0,0,0,0,0,0,0,0,0
Odin Jones,FRE,200000,0,0,0,0,0,0,0,0,0
Oisin Mullin,GEE,582000,0,0,0,0,0,0,0,0,0
Oleg Markov,COLL,564000,43,0,0,0,0,43,43,43,43
Oliver Florent,SYD,200000,69,0,0,0,0,69,69,69,69
Oliver Hayes-Brown,RI,342000,0,0,0,0,0,0,0,0,0
Oliver Henry,GEE,855000,0,0,0,0,0,0,0,0,0
Oliver Hollands,CAR,496000,63,0,0,0,0,63,63,63,63
Oliver Sestan,MEL,598000,0,0,0,0,0,0,0,0,0
Oliver Wiltshire,GEE,649000,0,0,0,0,0,0,0,0,0
Olli Hotton,STK,564000,0,0,0,0,0,0,0,0,0
Ollie Dempsey,GEE,533000,0,0,0,0,0,0,0,0,0
Ollie Lord,PTA,347000,0,0,0,0,0,0,0,0,0
Ollie Murphy,FRE,525000,0,0,0,0,0,0,0,0,0
Ollie Wines,PTA,486000,0,0,0,0,0,0,0,0,0
Orazio Fantasia,CAR,359000,33,0,0,0,0,33,33,33,33
Oscar Allen,WCE,465000,0,0,0,0,0,0,0,0,0
Oscar McDonald,FRE,746000,0,0,0,0,0,0,0,0,0
Oscar McInerney,BRL,416000,82,0,0,0,0,82,82,82,82
Oscar Murdoch,GEE,200000,0,0,0,0,0,0,0,0,0
Oscar Ryan,ADE,438000,0,0,0,0,0,0,0,0,0
Oscar Steene,COLL,649000,0,0,0,0,0,0,0,0,0
Oskar Baker,WBD,842000,0,0,0,0,0,0,0,0,0
Oskar Faulkhead,GCS,270000,0,0,0,0,0,0,0,0,0
Paddy Dow,STK,628000,0,0,0,0,0,0,0,0,0
Patrick Cripps,CAR,276000,78,0,0,0,0,78,78,78,78
Patrick Dangerfield,GEE,358000,0,0,0,0,0,0,0,0,0
Patrick Lipinski,COLL,633000,78,0,0,0,0,78,78,78,78
Patrick Parnell,ADE,708000,0,0,0,0,0,0,0,0,0
Patrick Snell,SYD,638000,0,0,0,0,0,0,0,0,0
Paul Curtis,NTH,552000,0,0,0,0,0,0,0,0,0
Peter Ladhams,SYD,885000,0,0,0,0,0,0,0,0,0
Peter Wright,ESS,467000,0,0,0,0,0,0,0,0,0
Phoenix Foster,GEE,884000,0,0,0,0,0,0,0,0,0
Phoenix Gothard,GWS,1045000,0,0,0,0,0,0,0,0,0
Quinton Narkle,PTA,729000,0,0,0,0,0,0,0,0,0
Reece Torrent,BRL,452000,0,0,0,0,0,0,0,0,0
Reef McInnes,COLL,200000,0,0,0,0,0,0,0,0,0
Reilly O'Brien,ADE,216000,0,0,0,0,0,0,0,0,0
Reuben Ginbey,WCE,200000,0,0,0,0,0,0,0,0,0
Rhett Bazzo,WCE,748000,0,0,0,0,0,0,0,0,0
Rhyan Mansell,RI,521000,0,0,0,0,0,0,0,0,0
Rhylee West,WBD,635000,0,0,0,0,0,0,0,0,0
Rhys Stanley,GEE,639000,0,0,0,0,0,0,0,0,0
Riley Bonner,STK,516000,0,0,0,0,0,0,0,0,0
Riley Garcia,WBD,681000,0,0,0,0,0,0,0,0,0
Riley Hardeman,NTH,200000,0,0,0,0,0,0,0,0,0
Riley Thilthorpe,ADE,434000,0,0,0,0,0,0,0,0,0
Rob Monahan,CAR,720000,0,0,0,0,0,0,0,0,0
Robbie Fox,SYD,273000,57,0,0,0,0,57,57,57,57
Robert Hansen,NTH,241000,0,0,0,0,0,0,0,0,0
Rory Atkins,GCS,837000,0,0,0,0,0,0,0,0,0
Rory Laird,ADE,304000,0,0,0,0,0,0,0,0,0
Rory Lobb,WBD,716000,0,0,0,0,0,0,0,0,0
Rory Sloane,ADE,607000,0,0,0,0,0,0,0,0,0
Rowan Marshall,STK,385000,0,0,0,0,0,0,0,0,0
Ryan Angwin,GWS,467000,0,0,0,0,0,0,0,0,0
Ryan Burton,PTA,903000,0,0,0,0,0,0,0,0,0
Ryan Byrnes,STK,200000,0,0,0,0,0,0,0,0,0
Ryan Gardner,WBD,286000,0,0,0,0,0,0,0,0,0
Ryan Lester,BRL,555000,68,0,0,0,0,68,68,68,68
Ryan Maric,WCE,598000,0,0,0,0,0,0,0,0,0
Ryley Sanders,WBD,440000,0,0,0,0,0,0,0,0,0
Sam Banks,RI,430000,50,0,0,0,0,50,50,50,50
Sam Berry,ADE,382000,0,0,0,0,0,0,0,0,0
Sam Butler,HAW,454000,0,0,0,0,0,0,0,0,0
Sam Clohesy,GCS,504000,0,0,0,0,0,0,0,0,0
Sam Collins,GCS,279000,53,0,0,0,0,53,53,53,53
Sam Darcy,WBD,810000,0,0,0,0,0,0,0,0,0
Sam Day,GCS,637000,0,0,0,0,0,0,0,0,0
Sam De Koning,GEE,200000,0,0,0,0,0,0,0,0,0
Sam Docherty,CAR,641000,48,0,0,0,0,48,48,48,48
Sam Draper,ESS,302000,0,0,0,0,0,0,0,0,0
Sam Durdin,CAR,535000,0,0,0,0,0,0,0,0,0
Sam Durham,ESS,765000,0,0,0,0,0,0,0,0,0
Sam Flanders,GCS,200000,92,0,0,0,0,92,92,92,92
Sam Frost,HAW,459000,0,0,0,0,0,0,0,0,0
Sam Naismith,RI,716000,71,0,0,0,0,71,71,71,71
Sam Powell-Pepper,PTA,343000,0,0,0,0,0,0,0,0,0
Sam Reid,SYD,683000,0,0,0,0,0,0,0,0,0
Sam Sturt,FRE,380000,0,0,0,0,0,0,0,0,0
Sam Switkowski,FRE,313000,0,0,0,0,0,0,0,0,0
Sam Taylor,GWS,396000,48,0,0,0,0,48,48,48,48
Sam Walsh,CAR,276000,0,0,0,0,0,0,0,0,0
Sam Weideman,ESS,456000,0,0,0,0,0,0,0,0,0
Sam Wicks,SYD,200000,25,0,0,0,0,25,25,25,25
Samson Ryan,RI,854000,12,0,0,0,0,12,12,12,12
Sandy Brock,GCS,638000,0,0,0,0,0,0,0,0,0
Scott Pendlebury,COLL,787000,74,0,0,0,0,74,74,74,74
Seamus Mitchell,HAW,200000,0,0,0,0,0,0,0,0,0
Sean Darcy,FRE,200000,0,0,0,0,0,0,0,0,0
Sean Lemmens,GCS,534000,0,0,0,0,0,0,0,0,0
Sebastian Ross,STK,219000,0,0,0,0,0,0,0,0,0
Sebit Kuek,FRE,514000,0,0,0,0,0,0,0,0,0
Seth Campbell,RI,783000,61,0,0,0,0,61,61,61,61
Shadeau Brain,BRL,505000,0,0,0,0,0,0,0,0,0
Shai Bolton,RI,200000,48,0,0,0,0,48,48,48,48
Shane McAdam,MEL,561000,0,0,0,0,0,0,0,0,0
Shannon Neale,GEE,256000,0,0,0,0,0,0,0,0,0
Shaun Mannagh,GEE,394000,0,0,0,0,0,0,0,0,0
Steele Sidebottom,COLL,200000,81,0,0,0,0,81,81,81,81
Steely Green,RI,200000,0,0,0,0,0,0,0,0,0
Stephen Coniglio,GWS,285000,91,0,0,0,0,91,91,91,91
Steven May,MEL,263000,81,0,0,0,0,81,81,81,81
Taj Woewodin,MEL,200000,0,0,0,0,0,0,0,0,0
Tanner Bruhn,GEE,315000,0,0,0,0,0,0,0,0,0
Tarryn Thomas,NTH,200000,0,0,0,0,0,0,0,0,0
Taylor Adams,SYD,491000,0,0,0,0,0,0,0,0,0
Taylor Duryea,WBD,663000,0,0,0,0,0,0,0,0,0
Taylor Goad,NTH,805000,0,0,0,0,0,0,0,0,0
Taylor Walker,ADE,200000,0,0,0,0,0,0,0,0,0
Ted Clohesy,GEE,257000,0,0,0,0,0,0,0,0,0
Tew Jiath,COLL,759000,0,0,0,0,0,0,0,0,0
Tex Wanganeen,ESS,415000,0,0,0,0,0,0,0,0,0
Thomas Berry,GCS,200000,41,0,0,0,0,41,41,41,41
Thomas Scully,PTA,402000,0,0,0,0,0,0,0,0,0
Thomson Dow,RI,466000,25,0,0,0,0,25,25,25,25
Tim English,WBD,440000,0,0,0,0,0,0,0,0,0
Tim Kelly,WCE,442000,0,0,0,0,0,0,0,0,0
Tim Membrey,STK,311000,0,0,0,0,0,0,0,0,0
Tim Taranto,RI,200000,56,0,0,0,0,56,56,56,56
Toby Bedford,GWS,409000,44,0,0,0,0,44,44,44,44
Toby Conway,GEE,492000,0,0,0,0,0,0,0,0,0
Toby Greene,GWS,395000,40,0,0,0,0,40,40,40,40
Toby McMullin,GWS,672000,47,0,0,0,0,47,47,47,47
Toby Nankervis,RI,691000,0,0,0,0,0,0,0,0,0
Toby Pink,NTH,453000,0,0,0,0,0,0,0,0,0
Todd Goldstein,ESS,736000,0,0,0,0,0,0,0,0,0
Todd Marshall,PTA,200000,0,0,0,0,0,0,0,0,0
Tom Anastasopoulos,PTA,651000,0,0,0,0,0,0,0,0,0
Tom Atkins,GEE,539000,0,0,0,0,0,0,0,0,0
Tom Barrass,WCE,253000,0,0,0,0,0,0,0,0,0
Tom Brown,RI,200000,0,0,0,0,0,0,0,0,0
Tom Campbell,STK,200000,0,0,0,0,0,0,0,0,0
Tom Clurey,PTA,600000,0,0,0,0,0,0,0,0,0
Tom Cole,WCE,602000,0,0,0,0,0,0,0,0,0
Tom De Koning,CAR,249000,64,0,0,0,0,64,64,64,64
Tom Doedee,BRL,200000,0,0,0,0,0,0,0,0,0
Tom Emmett,FRE,245000,0,0,0,0,0,0,0,0,0
Tom Fullarton,MEL,200000,0,0,0,0,0,0,0,0,0
Tom Green,GWS,523000,116,0,0,0,0,116,116,116,116
Tom Hawkins,GEE,416000,0,0,0,0,0,0,0,0,0
Tom J. Lynch,RI,917000,0,0,0,0,0,0,0,0,0
Tom Liberatore,WBD,289000,0,0,0,0,0,0,0,0,0
Tom McCallum,PTA,575000,0,0,0,0,0,0,0,0,0
Tom McCartin,SYD,673000,46,0,0,0,0,46,46,46,46
Tom McDonald,MEL,569000,0,0,0,0,0,0,0,0,0
Tom Mitchell,COLL,582000,34,0,0,0,0,34,34,34,34
Tom Papley,SYD,467000,87,0,0,0,0,87,87,87,87
Tom Powell,NTH,328000,0,0,0,0,0,0,0,0,0
Tom Sparrow,MEL,580000,63,0,0,0,0,63,63,63,63
Tom Stewart,GEE,678000,0,0,0,0,0,0,0,0,0
Touk Miller,GCS,322000,110,0,0,0,0,110,110,110,110
Travis Boak,PTA,488000,0,0,0,0,0,0,0,0,0
Trent McKenzie,PTA,420000,0,0,0,0,0,0,0,0,0
Trent Rivers,MEL,1015000,53,0,0,0,0,53,53,53,53
Tristan Xerri,NTH,681000,0,0,0,0,0,0,0,0,0
Tylar Young,RI,568000,21,0,0,0,0,21,21,21,21
Tyler Brockman,WCE,237000,0,0,0,0,0,0,0,0,0
Tyler Sonsie,RI,794000,0,0,0,0,0,0,0,0,0
Tyrell Dewar,WCE,603000,0,0,0,0,0,0,0,0,0
Tyson Stengle,GEE,582000,0,0,0,0,0,0,0,0,0
Vigo Visentini,ESS,570000,0,0,0,0,0,0,0,0,0
Wade Derksen,GWS,463000,0,0,0,0,0,0,0,0,0
Wayne Milera,ADE,429000,0,0,0,0,0,0,0,0,0
Wil Dawson,NTH,592000,0,0,0,0,0,0,0,0,0
Wil Powell,GCS,700000,106,0,0,0,0,106,106,106,106
Will Ashcroft,BRL,731000,0,0,0,0,0,0,0,0,0
Will Brodie,FRE,543000,0,0,0,0,0,0,0,0,0
Will Day,HAW,614000,0,0,0,0,0,0,0,0,0
Will Graham,GCS,200000,0,0,0,0,0,0,0,0,0
Will Hamill,ADE,531000,0,0,0,0,0,0,0,0,0
Will Hayward,SYD,769000,60,0,0,0,0,60,60,60,60
Will Hoskin-Elliott,COLL,575000,65,0,0,0,0,65,65,65,65
Will Lorenz,PTA,326000,0,0,0,0,0,0,0,0,0
Will Phillips,NTH,200000,0,0,0,0,0,0,0,0,0
Will Setterfield,ESS,200000,0,0,0,0,0,0,0,0,0
Will Verrall,MEL,923000,0,0,0,0,0,0,0,0,0
Willem Drew,PTA,200000,0,0,0,0,0,0,0,0,0
William Edwards,SYD,524000,0,0,0,0,0,0,0,0,0
William Green,SYD,207000,0,0,0,0,0,0,0,0,0
William McCabe,HAW,294000,0,0,0,0,0,0,0,0,0
William Rowlands,GCS,257000,0,0,0,0,0,0,0,0,0
Willie Rioli,PTA,572000,0,0,0,0,0,0,0,0,0
Xavier Duursma,ESS,536000,0,0,0,0,0,0,0,0,0
Xavier O'Halloran,GWS,524000,55,0,0,0,0,55,55,55,55
Xavier Walsh,PTA,829000,0,0,0,0,0,0,0,0,0
Zac Bailey,BRL,752000,81,0,0,0,0,81,81,81,81
Zac Fisher,NTH,806000,0,0,0,0,0,0,0,0,0
Zac Taylor,ADE,738000,0,0,0,0,0,0,0,0,0
Zac Williams,CAR,200000,69,0,0,0,0,69,69,69,69
Zach Guthrie,GEE,1024000,0,0,0,0,0,0,0,0,0
Zach Merrett,ESS,646000,0,0,0,0,0,0,0,0,0
Zach Reid,ESS,879000,0,0,0,0,0,0,0,0,0
Zach Tuohy,GEE,395000,0,0,0,0,0,0,0,0,0
Zaine Cordy,STK,869000,0,0,0,0,0,0,0,0,0
Zak Butters,PTA,667000,0,0,0,0,0,0,0,0,0
Zak Jones,STK,200000,0,0,0,0,0,0,0,0,0
Zane Duursma,NTH,878000,0,0,0,0,0,0,0,0,0
Zane Trew,WCE,644000,0,0,0,0,0,0,0,0,0
Zane Zakostelsky,BRL,932000,0,0,0,0,0,0,0,0,0
